alias Albert_Sureda     asureda@versium.es
alias Carlos_Person     carlos.person.haro@gmail.com
alias Daniel_Morales    dax.morales.sierra@gmail.com
alias Ferran_Pelayo     ferran.pel.mon@gmail.com
alias Ignacio_Contreras ignacio.con.pin@gmail.com
alias Iolanda_Monfort   iolanda.monfort@gmail.com
alias Isaac_Obradors    isaac.obradors@gmail.com
alias Juan_Jose_Pelayo  jjpelayo@hotmail.com
